from,to,cost
26,0,0.0
26,22,798.9471011134663
26,59,583.658074525442
26,28,2216.965980684537
26,20,1749.361047449283
26,17,3052.8544460665225
26,23,2066.839130843431
26,26,0.0
26,52,1221.497040712785
26,25,3098.0840481236064
26,24,2544.244583293514
26,27,3027.806885374029
26,31,1216.8995370034122
26,18,2585.7394474539196
26,33,1389.3534001754963
26,46,3194.0179415630555
26,38,695.7888320374453
26,21,1376.8687384380735
26,34,2501.423099114368
26,62,1398.6401705716448
26,14,3843.6166423143713
26,57,3040.2596311095454
26,36,2680.392639285007
26,15,2952.3257976616587
26,58,3435.05102245886
26,16,2843.4162683887166
26,30,1072.1337550606925
26,47,3277.0153691054434
26,48,2596.8255778715275
26,67,3692.2343339761874
27,0,0.0
27,66,1423.4927746702556
27,58,887.3274416808125
27,46,1077.578239841864
27,25,219.00519556882188
27,19,2564.6567009300115
27,67,1154.0305712955515
27,28,884.7862483981269
27,57,356.65293402391677
27,64,1379.660631148101
27,40,1694.509189367381
27,14,1454.3230005548799
27,16,1158.9582251342247
27,17,768.6882705783805
27,44,1114.9565576073944
27,47,1599.376834515631
27,29,1789.4104541415409
27,45,987.5794251899365
27,34,1232.556931162689
27,30,2054.1110439866907
27,55,1342.3889755401108
27,18,4321.3260562783325
27,56,1691.5882153990847
27,37,1623.0397641675677
27,15,1355.0752063375362
27,38,2333.6320009657816
27,49,1278.1501435420935
27,33,2293.5807269909706
27,50,1500.8562805943207
27,42,1407.8258100823389
27,35,1638.1686897979237
27,36,1526.0529414331043
27,32,1463.674991638065
27,59,2525.6443895443
27,27,0.0
27,43,1018.4071683401838
27,22,2573.496809924553
27,20,3773.561116057804
27,21,2861.242663512553
27,24,2455.3120117758426
27,52,2870.8766626143356
27,63,3227.2384983203483
27,31,1954.502787087855
27,48,3116.3274684682215
27,23,2087.255997727907
27,39,2595.1922711673296
27,61,3143.487275740882
27,65,4204.199536187984
27,41,2890.5070679767346
27,51,3281.4665146089624
27,62,3223.339332015552
28,0,0.0
28,25,1030.8483475043315
28,58,1254.1689801389484
28,28,0.0
28,29,1310.6391915983083
28,67,1533.4530660632133
28,34,696.9496005622071
28,14,1746.2392009989737
28,16,895.7294349027267
28,56,1072.0893845204487
28,45,670.9874533141474
28,44,495.4729654522186
28,32,660.4996997552751
28,43,279.73685110254445
28,15,1097.2912708661322
28,17,889.166818664986
28,42,546.6936977947967
28,64,1487.530915782261
28,24,2370.203183626623
28,55,1263.9802991247193
28,49,437.8189999961482
28,63,2372.7110484762475
28,39,1736.9716531611464
28,47,1451.8726118476063
28,22,1697.2410208271967
28,61,2259.458164181211
28,57,824.8060516252865
28,59,1679.7712578056974
28,46,1121.507709706202
28,66,876.8627241553363
28,19,2058.771631816819
28,37,1773.1643218791085
28,33,1793.2927881502933
28,30,1191.1295876273898
28,23,1859.6086763179178
28,35,954.8607445848312
28,36,1054.2510281120808
28,50,820.0277849122122
28,65,3446.886427895858
28,40,1755.1603599543673
28,38,1524.177518782113
28,21,1985.6400597853453
28,31,1311.2360182329871
28,52,2313.261445702657
28,18,3479.79126780983
28,62,2344.438593820671
28,48,2391.369294185064
28,41,2220.2289510428136
28,51,2457.0845971910276
13,0,0.0
13,24,3448.7764038644113
13,23,3929.56787003142
29,0,0.0
29,25,2006.0232359472118
29,55,723.8087139673179
29,16,645.5426580927094
29,58,1332.7741318917117
29,56,339.93379404362554
29,45,804.3327837808187
29,46,926.0293452620162
29,57,1471.9231956974374
29,15,505.91395961073204
29,41,1165.5685015688305
29,29,0.0
29,35,2030.002523970289
29,34,621.4662977834677
29,17,1101.5302190384866
29,47,614.6273132057106
29,19,779.8374227139976
29,67,1418.724198766933
29,14,1381.6448850775362
29,48,1450.9244532546816
29,40,1042.6667355911572
29,52,3328.5544564421853
29,61,2181.4180044237123
29,36,270.0384098179112
29,24,3660.7445755837275
29,65,2538.6009284013444
29,37,1184.9413354827234
29,49,1019.4611483513329
29,63,1939.9624730862388
29,62,2140.555866103383
29,44,816.5853869296802
29,39,1459.98112185351
29,64,1018.8620219239189
29,18,2871.622305212185
29,43,1031.4675708121238
29,42,1055.1325771863837
29,22,1998.937571448837
29,51,1847.761980648484
29,31,2354.398697029521
29,66,2088.0490507314166
29,30,1758.7834027878887
29,20,2584.9725709745126
29,33,2911.9865852042476
29,32,853.4913437152978
29,50,566.7048596813896
29,38,2210.615640997618
30,0,0.0
30,59,499.65014907087897
30,38,451.92010640112267
30,31,834.4318680828941
30,34,1432.3653032662514
30,44,1310.881809658687
30,24,2426.9052075181385
30,58,2371.555582784574
30,42,833.8887616674202
30,40,2631.2851024870806
30,20,1901.1279289849672
30,30,0.0
30,22,534.9899595907793
30,16,1772.798067069742
30,35,722.9575200140665
30,56,1419.3383992265926
30,39,1004.2911125227207
30,33,1369.3390862692838
30,57,2012.3608960711254
30,64,2443.640249775967
30,19,2221.3478064779383
30,52,1639.3294148106431
30,23,1856.7748157982548
30,46,2121.9175929919347
30,25,2162.648755058696
30,21,1066.3335051261863
30,62,1354.8844346804315
30,47,2224.2616439986286
30,43,1204.2710567141671
30,32,971.7450039976778
30,49,958.928954983482
30,67,2623.5228567999266
30,45,1628.6215420293522
30,66,1000.4694075247455
30,36,1636.0076457327532
30,15,1889.6148524512182
30,61,1205.5562202046524
30,51,1754.2942079756892
30,37,2709.588488593718
30,17,1988.4920373088894
30,50,1239.265262993926
30,14,2771.496541936162
30,41,2018.4631434355808
30,18,2626.936173557212
30,65,2862.712574796524
30,48,2018.4408989046512
31,0,0.0
31,38,660.8030329867356
31,25,1978.948558221306
31,23,1033.8392157199185
31,33,567.1252693120284
31,59,950.9520593496862
31,31,0.0
31,66,535.5542385917986
31,32,1500.9081470988297
31,22,1218.3260119070399
31,20,2619.5461830027252
31,34,1862.0012964405075
31,40,3037.249748962051
31,18,3397.737474915878
31,16,2153.1491049976644
31,24,1598.3633181738455
31,61,1923.781782768864
31,67,2839.3897385089954
31,15,2326.2570127953095
31,35,357.16477205266716
31,46,2426.396425158009
31,47,2686.0227856539245
31,62,2106.836787843543
31,44,1679.549535750424
31,56,2025.8207773610936
31,14,3057.3926274542055
31,58,2554.9356571884746
31,17,2199.089324334191
31,57,2059.40389097656
31,19,2943.809949782427
31,45,1949.4244224530833
31,64,2787.95355148967
31,49,1361.190844773419
31,42,1300.9355175436
31,36,2162.8520252957633
31,52,1008.0330585352009
31,43,1487.854917868402
32,0,0.0
32,15,918.1146437108156
32,46,1182.4482711313378
32,16,814.9715953625674
32,45,712.6587495894322
32,36,678.9173891725951
32,34,470.5466241798841
32,64,1482.089871822661
32,44,407.37713983198324
32,33,2059.3882863331423
32,19,1499.747821867845
32,59,1452.6998153215802
32,22,1343.9667012446082
32,25,1643.4778171465562
32,14,1822.6558181351359
32,32,0.0
32,17,1115.2089325249246
32,57,1278.7631929293282
32,58,1488.3709159687967
32,42,205.30917501172087
32,49,229.96086982094778
32,43,445.9885937738011
32,39,1142.295322192871
32,37,1741.7782434325918
32,66,1265.5366749464024
32,48,1731.9890573298471
32,41,1573.678084187819
32,67,1709.4106566959847
32,21,1435.531674234808
32,24,2861.1283922859643
32,40,1659.6685965098725
32,47,1254.6678420960034
32,63,1767.815542720324
32,35,1179.838558504497
32,50,289.02694855124366
32,38,1411.9977707663259
32,56,529.6453255188405
32,23,2309.051071551082
32,55,1177.255187436014
32,61,1759.9073918996517
32,20,2338.9347797969576
32,52,2480.0918962486226
33,0,0.0
33,59,1348.1578411563714
33,56,2586.951488160269
33,62,2537.9323852051566
33,22,1661.0971674043226
33,43,2003.1637342786178
33,39,2358.9643074203514
33,38,1076.3795786370424
33,47,3213.986198463816
33,21,2344.4095565789157
33,34,2396.9570472486935
33,25,2269.2759725099427
33,33,0.0
33,18,3821.499086554515
33,35,884.7618548633743
33,52,585.2976497699785
33,23,681.8127019759454
33,17,2661.5421207730287
33,16,2669.538293752966
33,15,2853.3381041781845
33,67,3285.143306564664
33,46,2913.9316384344565
33,24,1168.0642294099443
33,36,2711.298391056641
33,20,3011.3087002482357
33,51,3075.653802115587
33,63,2824.761131509684
33,49,1906.2007037071546
33,57,2462.9252516952674
33,19,3510.9103920252373
33,58,2995.480610744422
33,64,3280.6782230666777
33,42,1856.8581846760815
33,44,2206.6171094914853
33,14,3525.1641440677076
33,66,924.6380153127793
33,48,3387.5630743252655
33,45,2455.4694489548956
34,0,0.0
34,47,825.8866590346005
34,25,1440.7034875036152
34,43,423.0650354101252
34,46,715.6318125282639
34,56,459.0353141973626
34,42,606.0986828435541
34,64,1012.9538876981086
34,36,358.2540556802334
34,17,696.9924655907978
34,58,1048.1843535088572
34,34,0.0
34,49,507.8266695179782
34,61,2191.1714575518913
34,19,1390.885739979585
34,39,1526.1628571009096
34,24,3063.5447142781213
34,21,1845.8550632920833
34,57,962.5549476302278
34,44,203.04493449463007
34,16,344.42502479646555
34,38,1862.5166415626145
34,52,2864.5995471801252
34,41,1658.2895979477425
34,37,1277.3570499692603
34,48,1887.827257797297
34,50,308.9378547335309
34,65,2980.417353171557
34,67,1249.5303381719702
34,23,2542.0132538806797
34,15,469.9102942989834
34,45,288.5892844847717
34,14,1352.2192938169985
34,51,2118.01189598009
34,55,713.8432103233264
34,40,1206.2905540766774
34,59,1919.9403358610286
34,35,1515.2077074597223
34,66,1522.519459526566
34,22,1813.1826804270947
34,20,2726.825252943826
34,62,2211.8332087187478
34,63,2120.4829659751945
34,18,3167.9187617294606
35,0,0.0
35,35,0.0
35,58,2202.1307423702233
35,59,1023.3864431071447
35,38,763.5658658114995
35,22,1214.4711096280114
35,66,296.94354622112945
35,16,1799.3494696429839
35,45,1593.422719549921
35,50,1463.3937114664077
35,44,1328.6851122156077
35,63,2263.4769436457755
35,56,1709.221193373557
35,23,1191.2889024924461
35,17,1843.4702268105702
35,24,1763.2619617201055
35,52,1364.1654038020922
35,19,2655.149005332174
35,21,1788.4278893167457
35,40,2682.2313850233886
35,25,1684.6662881678972
35,67,2485.297727110544
35,62,2074.042209976126
35,42,975.6449996880573
35,36,1826.53875404095
35,20,2614.031336270988
35,15,1976.088880674584
35,14,2700.698526668014
35,57,1717.6423021650398
35,49,1021.4555668478263
35,37,2715.5474211103137
35,46,2069.2529156727414
35,64,2431.0681852274547
35,55,2182.979409618534
36,0,0.0
36,15,337.7744945164779
36,43,777.6484369341786
36,36,0.0
36,16,407.1531988389583
36,45,538.6605685266283
36,40,1028.078089881034
36,14,1288.5833684776032
36,47,599.7867963462738
36,17,866.4541922228365
36,19,1049.3042261209562
36,67,1269.971159830755
36,50,397.085581913498
36,41,1392.360557005991
36,55,605.0049394562275
36,44,558.8499912986412
36,58,1140.2742074549215
36,57,1217.1234569118847
36,21,1841.602133893381
36,25,1741.5046674006214
36,39,1502.1526916393766
36,42,866.0637801980666
36,64,923.0573001353918
36,37,1140.7681353924906
36,46,742.8164697113817
36,56,293.8678391578785
36,20,2673.4019670201114
36,22,1940.1292220907212
36,18,3026.795033409423
36,38,2083.1700561557964
36,24,3416.656397949647
36,48,1656.5145824726137
36,51,1985.4363330431818
36,66,1860.2302713721665
36,62,2194.990682259058
36,59,2097.4661575040855
36,49,805.2266052441466
36,65,2751.827685162807
36,52,3153.3652727392137
36,63,2039.7067560852836
36,23,2889.338113732929
37,0,0.0
37,14,290.50023773643466
37,67,550.8098323149205
37,37,0.0
37,25,1813.7633935395497
37,57,1283.7410261140149
37,47,570.3142003776671
37,16,941.3448380014862
37,46,653.4666664788883
37,40,176.40867217054142
37,43,1588.3595550322898
37,19,1628.52933144232
37,59,3194.4769412527335
37,58,744.846377614019
37,17,937.7362191275462
37,44,1419.3890865579785
37,15,829.8710232256287
37,66,2646.230128262276
37,55,564.5368589704395
37,41,2224.1315326202507
37,48,2545.1637034739524
37,42,1881.3643000402483
37,50,1503.5920831224523
37,64,285.6806624674344
37,56,1428.4320392745663
37,39,2630.2305840022514
37,23,3564.145634950794
37,22,3066.4753684718303
37,49,1771.014955186286
37,20,3769.8960981301184
37,45,1124.7262703477268
37,62,3318.3943429435944
37,24,4010.4282965676443
37,52,4079.6383720929557
54,0,0.0
54,47,3655.044148296245
38,0,0.0
38,39,1317.4417797131791
38,43,1592.061416323658
38,17,2373.8384998256747
38,21,1269.8598145547483
38,23,1670.5407190874855
38,45,2037.5515422359204
38,25,2409.5714839086863
38,22,585.0193159489846
38,24,2217.591619910502
38,57,2345.9746056336626
38,59,290.4659990707304
38,64,2867.067778548907
38,58,2754.1533459961806
38,52,1231.8988262673372
38,51,2005.3149673925893
38,67,3017.667291786443
38,16,2197.5553170614985
38,20,1965.467415219886
38,38,0.0
38,50,1686.084614249253
38,46,2533.6775496801065
38,14,3184.3124444510036
38,42,1256.9980218804803
38,18,2757.8216533972936
38,55,2576.1372251183066
38,15,2326.1524803125785
38,62,1468.3654384872668
38,47,2666.6648476158057
38,19,2656.789417211911
38,56,1871.0645326633153
38,63,1748.7776729600346
38,49,1370.6212340183736
38,66,1056.8749690090067
38,41,2407.04509462296
38,40,3067.2505911858957
55,0,0.0
55,16,385.8543551777609
55,67,695.7480014182954
55,55,0.0
55,58,651.3700893511124
55,46,274.6060653125581
55,47,259.0285484478458
55,64,319.07060840339415
55,19,1365.7840473889444
55,15,273.08710537175483
55,56,898.847126348033
55,17,573.8882423809955
55,57,986.4972642952916
55,40,500.20262659622006
55,43,1050.0029037598138
55,14,683.6145239555068
55,22,2505.667831343751
55,23,3104.3168312400694
55,25,1557.1455596284204
55,39,2107.0978194235254
55,50,944.2067020004824
55,20,3274.9296828212855
55,49,1212.8459027514846
55,48,2167.3054032973428
55,44,865.7054098684766
55,51,2565.0583529786845
55,18,3594.479984487528
55,41,1868.6074404792403
55,45,594.2999271678543
55,66,2140.2155251323265
55,42,1319.2428145661704
55,21,2446.028143776534
55,65,3245.317323941979
55,61,2812.3180579755644
39,0,0.0
39,21,344.0650235445001
39,16,1833.0394428857408
39,58,2571.979161683455
39,39,0.0
39,15,1837.1816950457146
39,22,805.2007831805382
39,23,2859.2344559015623
39,40,2498.4009493811923
39,51,769.1526821535143
39,59,1122.3014795170625
39,20,1202.230167840527
39,56,1208.4808585788332
39,67,2750.5320180579947
39,62,693.5492366956679
39,50,1219.9328753070056
39,25,2762.3254446659257
39,46,2210.5569201795033
39,45,1809.6819271720128
39,14,2790.709823192283
39,64,2425.123134273381
39,57,2420.575454225855
39,24,3430.386645042309
39,19,1555.1747529108743
39,41,1139.2163508614808
39,17,2221.124764314373
39,43,1579.7569177233236
39,48,1054.0356723499617
39,63,635.8370711426411
39,47,2064.9453496753727
39,65,1864.650728353792
39,49,1317.4984600425494
39,44,1537.6796811003423
39,52,2542.0317077667105
56,0,0.0
56,16,663.7229954615013
56,17,1106.770638375959
56,47,873.8514688366882
56,57,1414.7821076717673
56,58,1412.2562848076182
56,50,260.4170259541665
56,46,1024.553552055391
56,49,720.9293599497472
56,15,630.7190382686526
56,40,1307.5291273761266
56,25,1899.192580007876
56,44,607.7832349698881
56,42,734.7150533073265
56,67,1558.185119448184
56,14,1582.3819380736873
56,22,1677.6592581180623
56,56,0.0
56,21,1548.5076952332827
56,52,2992.7235595029892
56,43,796.4942309174664
56,63,1750.3039152591919
56,45,726.76075567339
56,64,1216.6444077451122
56,20,2381.271766271639
56,66,1788.0707410959308
56,51,1708.5059047020952
56,41,1199.6631291005533
56,48,1431.7834365921005
56,62,1901.16342096077
56,61,1917.8893117407779
56,19,992.2341916192877
56,23,2830.7238451303924
56,59,1857.8109638010678
10,0,0.0
10,14,1754.8089388538451
3,0,0.0
3,47,3786.897037132204
4,0,0.0
4,52,5073.2521659054
57,0,0.0
57,58,570.4773962211929
57,15,1014.3914331883392
57,46,720.9305640941382
57,25,570.7686002809893
57,16,829.4791333591343
57,59,2503.9563056234792
57,14,1140.154089131752
57,57,0.0
57,67,855.6965743156859
57,49,1132.0524288659524
57,44,888.7767596887477
57,47,1244.1241660794872
57,50,1256.120227932572
57,40,1345.1426375513881
57,43,857.3689794143364
57,45,689.5237553197311
57,64,1030.526718263091
57,17,413.68241443963586
57,22,2505.6640027276408
57,42,1270.5763545699456
57,52,3024.4857733841304
57,65,3941.0640308336533
57,21,2710.8699891782626
57,66,1552.027422460844
57,19,2238.2706069294068
57,62,3077.9742687966836
57,41,2602.543692133021
57,51,3066.300981046987
57,23,2339.1930751815785
57,48,2846.524885232691
57,24,2747.5616783287705
57,20,3617.3046166547438
57,8,2575.5419981200794
58,0,0.0
58,67,290.7564043218741
58,23,2906.037400462472
58,16,749.586682334807
58,19,2016.6113185650772
58,14,570.6974101488038
58,47,890.3100767609816
58,25,1070.6776150986666
58,46,406.8545684778486
58,24,3317.784483076096
58,61,3237.7442074686787
58,41,2496.8440781612335
58,17,383.1433446834183
58,51,3120.574927937738
58,40,841.4800674289183
58,43,1167.723065371274
58,58,0.0
58,45,776.2614365979739
58,44,1086.783294684152
58,64,538.2633281093435
58,15,827.4168243262233
58,52,3543.2793068022124
58,49,1420.0648029245892
58,21,2893.995125158358
58,65,3871.3246227944983
58,20,3769.79443077363
58,59,2871.204511678203
58,42,1555.1396126071136
58,22,2816.3319639021047
58,66,2073.3564325273505
58,50,1352.0830854191856
58,48,2782.429319742246
58,62,3259.68539403083
58,18,4165.344792233041
59,0,0.0
59,18,2475.4802865881675
59,52,1430.5332736601445
59,61,991.5699887264134
59,22,330.50972477399347
59,24,2500.422325081461
59,21,1021.8836982734961
59,67,3122.4022688047494
59,63,1491.1339054745913
59,59,0.0
59,23,1958.016231903675
59,66,1320.168561879707
59,51,1762.0061264458668
59,64,2932.8650408588423
59,42,1329.1367091077982
59,62,1189.7747606691426
59,50,1705.142874407322
59,46,2617.275224621125
59,14,3265.6403762202553
59,16,2262.7919098348802
59,20,1677.0204544597432
59,25,2618.754750747002
59,41,2247.027085746701
59,17,2488.1349207731696
59,19,2558.814668026262
59,47,2693.5538806451173
59,15,2368.931844399919
59,43,1703.8731136859008
59,45,2125.6566297383483
59,65,2862.1347998069477
5,0,0.0
5,19,3898.6657351488193
40,0,0.0
40,14,461.0685728907582
40,67,690.6696163991891
40,16,885.9645308183434
40,43,1549.4220441874395
40,17,968.752973684462
40,19,1453.5719170045204
40,15,741.6952252506612
40,40,0.0
40,25,1894.2112535275776
40,24,4039.2894757818335
40,47,434.5076047706438
40,41,2054.1793285322033
40,42,1812.2163919189525
40,64,314.8760843502721
40,46,660.908077333335
40,7,3114.5862030418757
40,44,1365.372555382029
40,45,1090.2856730881115
40,21,2842.0788322955427
40,62,3182.585246321964
40,66,2631.963536677586
40,1,4515.739793463767
40,22,2966.314057625222
40,9,1858.9814231306443
40,49,1710.1288863535356
40,63,2976.8798275650315
40,50,1406.7900317686126
40,48,2376.9478969878464
40,23,3576.876524509294
41,0,0.0
41,65,1376.7375138240911
41,15,1671.2964587730992
41,16,1797.660035276511
41,14,2471.2188299181744
41,51,959.2558150319397
41,19,651.864160652135
41,45,1913.7920775325717
41,43,1962.5129239107466
41,67,2560.699331474126
41,50,1415.9248297658294
41,21,1380.236340277337
41,48,331.5378777356182
41,22,1940.5256397917174
41,64,2130.372470770465
41,46,2090.0307536445434
41,63,1203.2773513007996
41,20,1803.2196696820724
41,47,1693.7401625735317
41,25,3098.8369604360046
41,49,1803.4724632805883
41,17,2257.5841554053745
41,18,1829.2527043662124
41,44,1798.3255469153687
41,66,2764.107617341473
41,41,0.0
42,0,0.0
42,42,0.0
42,45,796.9461935063632
42,64,1611.7731065780192
42,16,941.2774571452386
42,17,1173.2322489226906
42,25,1570.136158401007
42,47,1421.9281134450287
42,67,1796.6530762898983
42,44,478.09973725495956
42,23,2105.8109430993436
42,24,2660.0259875382994
42,19,1702.218347379332
42,50,488.5009147049715
42,43,413.81688741764026
42,14,1937.6332053369342
42,63,1827.652770149956
42,15,1073.147894952095
42,46,1288.3660216492078
42,49,139.50960395147337
42,18,2933.279715667078
42,48,1883.6340213724543
42,66,1062.5679474421124
42,22,1262.4248536857217
42,62,1817.9643345874522
42,20,2366.1314005923455
42,61,1750.3386503888858
42,52,2287.311975693144
42,21,1454.1300021696295
43,0,0.0
43,45,463.6505892443785
43,19,1780.0111464756815
43,16,667.0186846524679
43,44,220.02010339136268
43,49,274.7884043609818
43,50,550.2541529456546
43,17,784.9959940542466
43,47,1212.7757499418951
43,43,0.0
43,22,1666.5619819327753
43,14,1600.483824264335
43,66,1109.1925020807396
43,67,1425.8517083790691
43,46,953.5279176662308
43,15,852.7632402410711
43,64,1306.173964522786
43,25,1197.8269077749499
43,62,2224.1694986907514
43,23,2120.1818473562007
43,61,2162.57203259989
43,24,2640.5376957279113
43,51,2265.670960872588
43,52,2495.856512773632
6,0,0.0
6,49,2948.0267906636072
44,0,0.0
44,49,354.5360515151351
44,16,480.1434432610893
44,52,2685.6389377046135
44,50,387.6745703704428
44,46,811.1727873570246
44,15,647.4295363337233
44,45,319.05949936912486
44,22,1731.5212978527757
44,47,1007.9388634024766
44,25,1312.7611168209994
44,19,1575.4686471283994
44,67,1320.2260623730847
44,64,1143.5597516721534
44,17,709.7086467251652
44,14,1461.365149872773
44,66,1323.3851248878634
44,44,0.0
44,23,2339.5065182617504
44,20,2738.5221136435107
44,21,1839.6962264716808
44,62,2207.6904541722047
44,24,2860.5251075925485
44,18,3226.664425958335
44,63,2153.4722851620477
44,65,3090.5102890666135
44,48,2006.6680335310768
45,0,0.0
45,45,0.0
45,15,443.14853531926894
45,17,411.50378801100226
45,16,230.41473634767766
45,46,496.1886286919532
45,67,1001.7018722566198
45,47,785.800344359619
45,49,670.0814122507386
45,64,842.7245457677865
45,25,1202.8473849631077
45,14,1146.762150549013
45,66,1546.2412513456811
45,48,2157.8002480106866
45,22,2048.6932949219618
45,19,1583.1584351099843
45,23,2522.2884172804734
45,20,3011.4472030285165
45,63,2408.28159771747
45,50,596.9723361005027
45,21,2124.673588612676
45,62,2491.7374775294684
45,24,3016.5336154867914
45,18,3455.8976958096773
45,51,2405.988604119886
45,52,2957.377327695399
46,0,0.0
46,46,0.0
46,25,1289.8183459845684
46,17,316.3168662245487
46,47,532.939086249225
46,14,650.6836799373058
46,64,368.24446928402836
46,16,379.7411950142709
46,19,1620.8928190822246
46,67,540.328997894757
46,51,2728.089133048594
46,15,421.2661403841128
46,48,2376.1912026771242
46,61,2895.591768614352
46,66,1992.9648615279903
46,23,2918.5257922082365
46,21,2540.8942608059037
46,49,1164.9227114893047
46,65,3464.5045493567513
46,50,1000.1775556828431
46,24,3378.41787703209
46,22,2526.3804829779197
46,62,2902.887409350648
46,52,3432.2400608146595
46,20,3399.8722184003504
47,0,0.0
47,23,3307.8230420075324
47,16,556.781973092294
47,15,360.65357228453615
47,47,0.0
47,67,880.8741353560991
47,19,1147.75456795305
47,14,782.4123368960265
47,66,2319.792144331462
47,25,1814.8923230196115
47,61,2782.893661413884
47,49,1333.1223919187385
47,17,830.7324943155342
47,64,437.6880994628045
47,21,2408.4082529066063
47,22,2539.8399226104775
47,63,2554.271967390357
47,24,3800.562000315989
47,50,988.4568044707665
47,65,3065.3858055662936
47,52,3690.0825182648264
47,20,3199.587194952502
47,2,3587.959510553271
47,51,2453.569717164507
47,48,2005.561380329132
48,0,0.0
48,17,2521.799077734484
48,48,0.0
48,19,982.6290395499633
48,51,673.3570098507877
48,67,2862.430899591871
48,16,2063.577467035947
48,50,1619.0199104910473
48,15,1955.0592989472148
48,14,2786.4035667751173
48,22,1853.0276965366343
48,64,2439.779517517809
48,18,1497.743351283711
48,65,1096.2220724355564
48,21,1224.0634419033977
48,61,1514.1769862990839
48,25,3318.6650782618226
48,24,4411.00558990808
48,20,1512.0537751201941
48,62,1341.9954333252085
48,53,549.6748724235774
49,0,0.0
49,16,829.7748149644184
49,19,1708.3610830782834
49,67,1665.6912549678368
49,15,977.614653809593
49,14,1815.4439638252118
49,64,1497.1203172282856
49,17,1037.4831281027111
49,66,1070.0249806530499
49,25,1446.3160418313998
49,24,2655.6812922329923
49,49,0.0
49,23,2111.012680170157
49,50,461.72184760222825
49,22,1399.8611640050178
49,20,2498.56352143564
50,0,0.0
50,50,0.0
50,16,620.4411690710323
50,14,1614.541418254166
50,67,1539.829213676672
50,17,1005.8566349455587
50,15,673.8664363410019
50,21,1543.87448294906
50,64,1259.6191615648488
50,62,1908.3798267729514
50,25,1700.2688501075104
50,23,2572.626489602703
50,20,2419.244106849346
50,19,1252.0772561156075
50,65,2703.51788711533
50,52,2769.0412380665916
50,61,1895.517049023689
50,66,1530.904534201834
67,0,0.0
67,64,451.7802373541062
67,14,309.34698288460913
67,25,1321.7413459579593
67,19,2028.2906462924548
67,16,919.6927707399827
67,67,0.0
67,17,647.1465590136837
67,51,3251.7218956092
67,21,3081.223247390907
67,20,3937.6573222465795
67,65,3936.6874457122767
67,22,3050.017840246602
67,24,3599.043994567998
67,15,934.9484129776646
67,61,3435.3392245338996
67,52,3830.848002588513
67,23,3194.2535915282633
67,62,3443.0835455745346
67,66,2362.3325274165436
67,63,3308.4351206185893
67,18,4286.420542778689
67,53,3121.595343616732
51,0,0.0
51,15,2317.036499281247
51,22,1432.329302545933
51,20,844.2669607797073
51,21,740.1386448974899
51,16,2372.142390040853
51,51,0.0
51,18,1049.914222590679
51,65,1111.8129991466542
51,62,718.9391274599217
51,63,314.16788081841105
51,19,1587.191105729843
51,17,2806.334849929534
51,14,3229.0990577519497
51,23,3609.772608011463
51,61,919.6567514634697
51,64,2866.531596877734
51,25,3463.2008133740956
66,0,0.0
66,25,1443.3943857173056
66,22,1506.4086541721454
66,66,0.0
66,61,2201.7173988771983
66,16,1767.094188635505
66,21,2057.7254600101655
66,24,1599.2772282188735
66,14,2600.5363971973084
66,23,1043.5249290243846
66,17,1736.923251451748
66,15,1960.920229595601
66,64,2360.619896099749
66,19,2764.7605205013992
66,62,2355.3517681286894
66,20,2899.9101605645315
52,0,0.0
52,61,2348.825425301419
52,22,1760.6305584254558
52,24,1451.54898486608
52,63,2904.3881405786788
52,25,2852.6917991942473
52,64,3795.0026197239313
52,16,3160.711841445565
52,19,3857.1385885405725
52,20,2963.6201694022484
52,23,1132.70887247121
52,52,0.0
52,14,4058.3421649814
52,62,2562.9132010108924
52,21,2447.9025324290674
52,15,3331.1821066438865
11,0,0.0
11,14,4226.652132140975
12,0,0.0
12,24,5261.358458808691
60,0,0.0
60,64,4560.067523846436
7,0,0.0
61,0,0.0
61,22,707.9486140288974
61,20,700.3240723447642
61,24,3491.8046883747775
61,62,216.6307351560529
61,18,1484.016424385995
61,21,380.04475814125743
61,14,3494.889576243987
61,15,2540.141851410196
61,61,0.0
61,16,2515.863324584996
61,19,2228.076588921516
61,23,2945.8493090385123
61,25,3285.017167743141
61,65,1941.827833290402
61,17,2872.08629555225
61,64,3131.3183287710117
62,0,0.0
62,18,1291.1745001617728
62,22,889.0197530268688
62,14,3483.544056337045
62,21,367.99743673604564
62,15,2530.5209106909606
62,16,2524.625754234174
62,20,557.3728951464088
62,63,405.02235837951895
62,65,1725.2089548141132
62,62,0.0
62,19,2114.5184901519738
62,23,3134.850035576378
62,24,3685.880065279781
62,17,2902.9565639563484
63,0,0.0
63,21,483.54400454443555
63,22,1166.1868489056988
63,18,1114.3349597208933
63,19,1794.8453089581517
63,65,1372.1035832050618
63,16,2404.4793078810167
63,63,0.0
63,15,2377.072154289992
63,23,3384.7925419011344
63,25,3396.9317963582107
63,20,648.4424129942963
63,24,3947.6359939223944
63,14,3314.697647550548
64,0,0.0
64,15,591.9312697858777
64,16,670.8510097125397
64,25,1580.0633522005198
64,17,661.882045765122
64,64,0.0
64,14,366.6351308546928
64,20,3588.450566018464
64,19,1580.417430227166
64,21,2764.5773445427108
64,22,2817.982583431416
64,24,3736.529353073487
64,65,3502.944412840817
64,18,3887.820629868231
64,53,2677.3937310273327
53,0,0.0
53,19,1101.6008692518476
53,65,883.5108366652645
53,16,2415.28611169841
53,14,2996.123375737005
8,0,0.0
9,0,0.0
2,0,0.0
65,0,0.0
65,15,3044.369951996712
65,16,3158.9796810540156
65,14,3836.8295371668737
65,22,2535.0534626018007
65,19,1955.3778781442122
65,24,5288.453979122426
65,65,0.0
65,18,882.9290558365474
65,21,1843.9153850445398
65,25,4403.046440648671
65,20,1498.9411675900853
65,17,3617.666310341856
14,0,0.0
14,17,863.6292172861084
14,19,1894.5579102373626
14,14,0.0
14,15,954.8114516857403
14,25,1627.932005040099
14,16,1007.9316173901185
14,23,3468.510119419023
14,21,3129.5018301699665
14,22,3164.793877767162
14,20,3955.007210437819
14,18,4245.526338969365
14,24,3887.6796003295203
15,0,0.0
15,19,1232.6282607668952
15,25,1574.070813650326
15,17,616.9448626586645
15,16,215.03941437926034
15,15,0.0
15,22,2236.6554900489728
15,18,3354.21272741346
15,21,2175.0155721197
15,20,3011.171497650243
15,24,3457.104109469635
15,23,2956.2761207649946
16,0,0.0
16,25,1377.628450529842
16,16,0.0
16,17,459.93414770668625
16,19,1409.1222800641206
16,24,3246.9165411811123
16,22,2157.014902091015
16,18,3418.477799226315
16,23,2751.122379306778
16,21,2161.9025414384605
16,20,3025.7696514796494
17,0,0.0
17,25,984.3492598508548
17,17,0.0
17,24,3074.7431380903536
17,23,2627.2899264898388
17,19,1849.359993040393
17,21,2535.7195749877474
17,22,2435.247265770198
1,0,0.0
18,0,0.0
18,22,2180.1942057201304
18,24,4975.170135370611
18,21,1565.3596234272316
18,18,0.0
18,20,836.6477262615552
18,25,4497.767838540807
18,19,2478.9144234309288
19,0,0.0
19,19,0.0
19,25,2782.2758734817703
19,22,2292.452199449056
19,24,4360.717554482888
19,21,1861.8964007459415
19,20,2422.6673620487477
19,23,3808.0039430529673
20,0,0.0
20,22,1407.4930609080498
20,20,0.0
20,21,912.4087038202326
20,25,3928.430489341934
20,24,4173.521346269802
20,23,3635.0262071164107
21,0,0.0
21,22,692.490856686257
21,21,0.0
21,24,3464.1109999051464
21,25,3016.4867163850517
21,23,2901.3747427952203
22,0,0.0
22,22,0.0
22,23,2246.0079076440725
22,24,2799.19913408274
22,25,2690.599707297637
23,0,0.0
23,25,2000.315147281317
23,24,573.0518402731539
23,23,0.0
24,0,0.0
24,25,2329.0800414085857
24,24,0.0
25,0,0.0
25,25,0.0
