60,27,583.658074525442
60,32,950.9520593496862
60,38,3194.4769412527335
60,53,1430.533273652069
60,22,1021.8836982712322
60,23,330.5097247819611
60,40,1122.3014795170625
60,62,991.5699887234848
60,68,3122.4022688047494
60,25,2500.422325083078
60,34,1348.1578411563714
60,39,290.4659990700312
60,24,1958.016231903675
60,28,2525.6443895443
60,29,1679.7712578056974
60,36,1023.3864431071447
60,52,1762.006126445291
60,60,0.0
60,64,1491.1339054755392
60,67,1320.1685618849854
60,19,2475.4802865881675
60,51,1705.1428744149764
60,59,2871.204511678203
60,35,1919.9403358610286
60,43,1329.1367091171855
60,63,1189.7747606713285
60,65,2932.8650408685753
60,26,2618.754750747002
60,33,1452.6998153215802
60,15,3265.6403762202553
60,17,2262.7919098400607
60,21,1677.0204544571727
60,31,499.65014907087897
60,47,2617.2752246274968
60,20,2558.814668026262
60,37,2097.4661575040855
60,48,2693.553880650442
60,44,1703.8731136906515
60,18,2488.1349207731696
27,24,2066.839130843431
27,27,0.0
27,26,3098.0840481236064
27,25,2544.244583296512
27,53,1221.4970407064504
27,28,3027.806885374029
27,47,3194.017941569399
27,39,695.7888320380673
27,19,2585.7394474539196
27,21,1749.3610474475038
27,32,1216.8995370034122
27,23,798.9471011252284
27,34,1389.3534001754963
27,22,1376.8687384378438
27,35,2501.423099114368
27,63,1398.6401705774317
27,16,2952.3257976616587
27,59,3435.05102245886
27,17,2843.416268393986
27,48,3277.0153691107676
27,49,2596.8255778793505
27,31,1072.1337550606925
27,68,3692.2343339761874
32,35,1862.0012964405075
32,31,834.4318680828941
32,23,1218.3260119092963
32,24,1033.8392157199185
32,41,3037.249748962466
32,67,535.5542386015999
32,17,2153.149105003981
32,39,660.8030329873648
32,19,3397.737474915878
32,25,1598.363318174511
32,34,567.1252693120284
32,16,2326.2570127953095
32,68,2839.3897385089954
32,28,1954.502787087855
32,47,2426.396425163654
32,62,1923.7817827653237
32,32,0.0
32,36,357.16477205266716
32,26,1978.948558221306
32,48,2686.0227856589436
32,30,2354.398697033039
32,45,1679.549535758511
32,15,3057.3926274542055
32,59,2554.9356571884746
32,57,2025.8207773610936
32,18,2199.089324334191
32,58,2059.40389097656
32,29,1311.2360182329871
32,46,1949.4244224618956
32,33,1500.9081470988297
32,65,2787.9535515005987
32,50,1361.1908447745973
32,43,1300.935517550222
32,37,2162.8520252957633
32,53,1008.0330585274238
32,44,1487.8549178720323
38,15,290.50023773643466
38,26,1813.7633935395497
38,28,1623.0397641675677
38,17,941.3448379957275
38,20,1628.52933144232
38,30,1184.9413354814737
38,35,1277.3570499692603
38,38,0.0
38,41,176.4086721694964
38,47,653.4666664738503
38,48,570.3142003731598
38,58,1283.7410261140149
38,68,550.8098323149205
38,18,937.7362191275462
38,33,1741.7782434325918
38,37,1140.7681353924906
38,16,829.8710232256287
38,29,1773.1643218791085
38,56,564.5368589704395
38,59,744.846377614019
38,67,2646.2301282521285
38,44,1588.3595550283628
38,45,1419.3890865497178
38,43,1881.364300031147
38,49,2545.1637034691366
38,51,1503.5920831150424
38,42,2224.1315326179133
38,65,285.6806624563724
38,57,1428.4320392745663
38,24,3564.145634950794
38,40,2630.2305840022514
38,21,3769.896098127104
38,46,1124.7262703391434
38,50,1771.0149551844568
38,63,3318.394342935389
38,25,4010.428296563675
38,31,2709.588488593718
38,36,2715.5474211103137
38,53,4079.6383720852896
53,23,1760.6305584257648
53,34,585.2976497647659
53,68,3830.8480025813597
53,59,3543.2793067951125
53,28,2870.8766626081933
53,58,3024.4857733773856
53,25,1451.548984872379
53,26,2852.6917991885684
53,17,3160.711841444005
53,39,1231.8988262603468
53,65,3795.0026197272423
53,64,2904.3881405726065
53,57,2992.723559494635
53,31,1639.3294148021562
53,30,3328.554456437328
53,21,2963.6201693935323
53,35,2864.599547172091
53,24,1132.708872469885
53,29,2313.2614456951856
53,36,1364.1654037943963
53,53,0.0
53,15,4058.3421649740126
53,63,2562.913201007686
53,47,3432.240060812655
53,37,3153.3652727310073
53,43,2287.3119756923097
53,51,2769.0412380654757
53,4,5073.2521658996475
53,16,3331.182106635904
22,22,0.0
22,23,692.4908566767896
22,52,740.1386448991763
22,62,380.0447581403421
22,63,367.99743673513785
22,37,1841.6021338885007
22,68,3081.223247385803
22,17,2161.902541436249
22,19,1565.359623431854
22,21,912.4087038223682
22,33,1435.5316742294692
22,39,1269.8598145506687
22,40,344.0650235399997
22,42,1380.2363402818155
22,48,2408.408252906853
22,58,2710.869989172907
22,59,2893.9951251531456
22,25,3464.1109999024934
22,28,2861.2426635072075
22,51,1543.8744829497286
22,64,483.54400454759383
22,65,2764.5773445450923
22,67,2057.7254600065467
22,16,2175.015572114761
22,18,2535.719574982479
22,15,3129.5018301650475
22,24,2901.3747427915423
22,26,3016.486716379734
22,47,2540.8942608069856
22,57,1548.5076952284303
22,31,1066.33350512193
22,66,1843.915385047303
22,29,1985.6400597800282
22,34,2344.4095565758657
22,36,1788.4278893124074
22,45,1839.6962264714757
22,46,2124.6735886102456
22,49,1224.063441911085
22,56,2446.0281437716258
22,20,1861.8964007430488
22,35,1845.8550632868662
22,43,1454.130002171481
23,17,2157.0149020850586
23,29,1697.24102081967
23,39,585.0193159526837
23,62,707.9486140240659
23,19,2180.194205717354
23,21,1407.493060904637
23,40,805.2007831700911
23,44,1666.5619819286067
23,52,1432.3293025379903
23,31,534.9899595860277
23,34,1661.097167409394
23,45,1731.5212978501222
23,58,2505.664002719408
23,63,889.0197530250397
23,64,1166.1868489003618
23,16,2236.655490037977
23,26,2690.5997072913565
23,68,3050.0178402365714
23,28,2573.4968099175785
23,46,2048.693294917545
23,49,1853.027696533958
23,23,0.0
23,24,2246.0079076471184
23,37,1940.1292220794082
23,66,2535.053462595273
23,25,2799.199134087748
23,36,1214.4711096267813
23,15,3164.7938777565855
23,48,2539.8399226044316
23,59,2816.331963892468
23,56,2505.6678313328466
23,30,1998.9375714399628
23,42,1940.5256397866244
23,20,2292.452199437323
23,18,2435.2472657606677
23,35,1813.182680416611
23,57,1677.6592581065124
23,65,2817.982583429737
23,67,1506.4086541738386
23,47,2526.3804829740166
23,41,2966.314057614781
23,33,1343.966701234254
23,50,1399.8611639979918
23,43,1262.4248536855278
40,68,2750.5320180579947
40,17,1833.0394428883528
40,29,1736.9716531611464
40,30,1459.981121855428
40,21,1202.2301678373228
40,57,1208.4808585788332
40,33,1142.295322192871
40,37,1502.1526916393766
40,40,0.0
40,41,2498.400949382121
40,63,693.5492366880321
40,52,769.152682149493
40,16,1837.1816950457146
40,26,2762.3254446659257
40,59,2571.979161683455
40,47,2210.5569201856133
40,31,1004.2911125227207
40,51,1219.9328753123978
40,15,2790.709823192283
40,56,2107.0978194235254
40,35,1526.1628571009096
40,28,2595.1922711673296
40,46,1809.6819271742124
40,65,2425.1231342804717
40,58,2420.575454225855
40,42,1139.2163508673236
40,20,1555.1747529108743
40,34,2358.9643074203514
40,64,635.8370711386368
40,39,1317.44177971183
40,25,3430.386645042563
40,49,1054.035672356767
40,48,2064.9453496802535
40,66,1864.650728353792
40,18,2221.124764314373
40,45,1537.679681104798
62,29,2259.458164175854
62,67,2201.717398875453
62,16,2540.1418514047473
62,15,3494.889576238535
62,68,3435.3392245283812
62,17,2515.8633245827264
62,30,2181.4180044204677
62,62,0.0
62,48,2782.8936614135164
62,47,2895.5917686151024
62,19,1484.0164243888344
62,21,700.3240723459975
62,59,3237.7442074631385
62,25,3491.804688373348
62,63,216.63073516201732
62,26,3285.0171677378426
62,28,3143.487275735507
62,57,1917.8893117353834
62,31,1205.5562202000715
62,49,1514.176986304986
62,18,2872.086295546706
62,43,1750.3386503914357
62,52,919.6567514648447
62,65,3131.318328773127
62,51,1895.5170490244047
68,15,309.34698288460913
68,26,1321.7413459579593
68,48,880.8741353542442
68,18,647.1465590136837
68,20,2028.2906462924548
68,28,1154.0305712955515
68,29,1533.4530660632133
68,41,690.6696163984412
68,43,1796.6530762805087
68,45,1320.2260623656377
68,52,3251.7218956014876
68,56,695.7480014182954
68,59,290.7564043218741
68,65,451.78023735560123
68,68,0.0
68,16,934.9484129776646
68,17,919.6927707368798
68,21,3937.6573222434404
68,25,3599.043994563561
68,30,1418.7241987670247
68,33,1709.4106566959847
68,34,3285.143306564664
68,35,1249.5303381719702
68,44,1425.8517083744414
68,46,1001.7018722508316
68,47,540.3289978885717
68,50,1665.6912549656868
68,58,855.6965743156859
68,66,3936.6874457122767
68,42,2560.6993314728434
68,37,1269.971159830755
68,57,1558.185119448184
68,24,3194.2535915282633
68,63,3443.0835455671736
68,67,2362.33252740597
68,49,2862.430899588363
68,51,1539.829213670457
68,39,3017.6672917855003
68,36,2485.297727110544
68,64,3308.4351206125666
68,19,4286.420542778689
68,54,3121.595343615878
68,31,2623.5228567999266
52,17,2372.1423900343716
52,42,959.2558150298898
52,49,673.3570098529412
52,35,2118.0118959729707
52,47,2728.0891330464783
52,19,1049.9142225978153
52,52,0.0
52,39,2005.3149673901114
52,34,3075.653802113977
52,66,1111.8129991486933
52,16,2317.0364992735526
52,56,2565.058352970892
52,30,1847.7619806411992
52,37,1985.4363330355586
52,63,718.9391274551623
52,20,1587.1911057220475
52,58,3066.3009810401218
52,64,314.16788081710945
52,18,2806.3348499222557
52,15,3229.0990577440616
52,59,3120.57492793023
52,24,3609.7726080088687
52,28,3281.4665146024968
52,48,2453.5697171606184
52,21,844.2669607847492
52,31,1754.2942079728869
52,29,2457.0845971851395
63,30,2140.5558660966476
63,16,2530.5209106832094
63,17,2524.6257542296653
63,19,1291.1745001608244
63,21,557.3728951467589
63,34,2537.9323852073467
63,58,3077.9742687909297
63,51,1908.3798267715747
63,31,1354.8844346791118
63,57,1901.1634209529188
63,37,2194.9906822512194
63,59,3259.685394023885
63,44,2224.1694986895577
63,36,2074.0422099752204
63,66,1725.2089548086115
63,46,2491.7374775255116
63,39,1468.3654384878878
63,47,2902.8874093494514
63,20,2114.518490142574
63,15,3483.54405632919
63,63,0.0
63,67,2355.3517681293333
63,24,3134.850035577482
63,35,2211.833208711866
63,29,2344.438593816023
63,28,3223.3393320106024
63,18,2902.9565639497014
63,43,1817.9643345896352
37,16,337.7744945164779
37,26,1741.5046674006214
37,48,599.7867963515653
37,17,407.1531988380739
37,46,538.6605685214391
37,30,270.0384098207498
37,42,1392.360557006298
37,20,1049.3042261209562
37,44,777.6484369331167
37,41,1028.0780898818427
37,33,678.9173891725951
37,58,1217.1234569118847
37,37,0.0
37,45,558.849991292973
37,15,1288.5833684776032
37,59,1140.2742074549215
37,56,605.0049394562275
37,28,1526.0529414331043
37,47,742.8164697168125
37,19,3026.795033409423
37,21,2673.4019670170005
37,57,293.8678391578785
37,65,923.0573001425739
37,18,866.4541922228365
37,34,2711.298391056641
37,43,866.063780190657
37,35,358.2540556802334
37,39,2083.1700561545526
37,49,1656.5145824706512
37,25,3416.65639794713
37,51,397.08558190585853
37,29,1054.2510281120808
37,31,1636.0076457327532
37,50,805.2266052432052
37,66,2751.827685162807
37,36,1826.53875404095
37,64,2039.7067560791925
37,24,2889.338113732929
15,15,0.0
15,20,1894.5579102373626
15,26,1627.932005040099
15,29,1746.2392009989737
15,41,461.0685728897834
15,42,2471.2188299162053
15,46,1146.7621505415862
15,58,1140.154089131752
15,28,1454.3230005548799
15,30,1381.6448850768552
15,44,1600.483824259978
15,47,650.6836799310378
15,48,782.4123368925515
15,16,954.8114516857403
15,17,1007.9316173854403
15,43,1937.633205327585
15,45,1461.3651498647619
15,49,2786.403566770764
15,50,1815.4439638231947
15,59,570.6974101488038
15,65,366.6351308483163
15,24,3468.510119419023
15,35,1352.2192938169985
15,66,3836.8295371668737
15,18,863.6292172861084
15,56,683.6145239555068
15,57,1582.3819380736873
15,67,2600.5363971868683
15,51,1614.54141824721
15,33,1822.6558181351359
15,11,4226.652132140975
15,34,3525.1641440677076
15,19,4245.526338969365
15,21,3955.007210434745
15,36,2700.698526668014
15,31,2771.496541936162
15,64,3314.69764754425
15,25,3887.679600325223
15,54,2996.1233757360656
26,17,1377.6284505338263
26,18,984.3492598508548
26,26,0.0
26,28,219.00519556882188
26,29,1030.8483475043315
26,39,2409.5714839082807
26,45,1312.7611168204323
26,46,1202.847384968329
26,47,1289.8183459853526
26,58,570.7686002809893
26,59,1070.6776150986666
26,65,1580.0633522096941
26,16,1574.070813650326
26,24,2000.315147281317
26,25,2329.0800414035975
26,41,1894.2112535272718
26,57,1899.192580007876
26,34,2269.2759725099427
26,35,1440.7034875036152
26,33,1643.4778171465562
26,67,1443.394385707502
26,48,1814.8923230216944
26,56,1557.1455596284204
26,64,3396.931796353903
26,31,2162.648755058696
26,50,1446.3160418294822
26,43,1570.1361583947403
26,30,2006.0232359496047
26,36,1684.6662881678972
26,51,1700.268850106677
26,44,1197.8269077715693
26,20,2782.2758734817703
26,42,3098.8369604373147
26,66,4403.046440648671
26,19,4497.767838540807
26,21,3928.4304893387402
28,16,1355.0752063375362
28,48,1599.3768345178253
28,59,887.3274416808125
28,17,1158.9582251381603
28,18,768.6882705783805
28,39,2333.6320009652604
28,47,1077.578239842939
28,50,1278.1501435400633
28,51,1500.8562805930562
28,58,356.65293402391677
28,65,1379.6606311576304
28,67,1423.4927746599349
28,29,884.7862483981269
28,31,2054.1110439866907
28,34,2293.5807269909706
28,41,1694.5091893671267
28,56,1342.3889755401108
28,35,1232.556931162689
28,20,2564.6567009300115
28,21,3773.5611160545977
28,25,2455.3120117711715
28,28,0.0
28,33,1463.674991638065
28,43,1407.8258100754108
28,44,1018.4071683364406
28,45,1114.956557606188
28,64,3227.2384983158213
28,36,1638.1686897979237
28,19,4321.3260562783325
28,24,2087.255997727907
28,49,3116.327468467984
28,46,987.5794251948716
28,66,4204.199536187984
28,42,2890.507067977911
28,30,1789.4104541438892
28,57,1691.5882153990847
17,16,215.03941437346435
17,48,556.7819730902719
17,59,749.5866823334208
17,56,385.8543551715969
17,35,344.4250248012868
17,17,0.0
17,18,459.93414770805737
17,29,895.7294349091704
17,30,645.5426580921376
17,33,814.9715953673906
17,41,885.964530812617
17,42,1797.660035275252
17,43,941.2774571415881
17,44,667.0186846555052
17,45,480.1434432588753
17,46,230.4147363448587
17,47,379.7411950172518
17,49,2063.5774670332603
17,50,829.774814968426
17,51,620.4411690680398
17,58,829.4791333623205
17,65,670.8510097171051
17,25,3246.9165411842328
17,34,2669.5382937593827
17,57,663.7229954623963
17,20,1409.1222800607363
17,67,1767.0941886324358
17,19,3418.4777992271024
17,24,2751.12237931317
17,31,1772.798067075104
17,36,1799.3494696493317
17,64,2404.479307877006
17,39,2197.5553170660246
17,66,3158.979681053145
17,21,3025.769651478717
17,54,2415.286111695823
20,16,1232.6282607668952
20,48,1147.75456795472
20,47,1620.8928190851786
20,30,779.8374227113262
20,42,651.8641606480061
20,20,0.0
20,49,982.6290395432063
20,45,1575.4686471246011
20,59,2016.6113185650772
20,29,2058.771631816819
20,46,1583.1584351039942
20,18,1849.359993040393
20,33,1499.747821867845
20,54,1101.6008692509026
20,58,2238.2706069294068
20,65,1580.4174302273204
20,35,1390.885739979585
20,41,1453.5719170055884
20,43,1702.2183473758469
20,31,2221.3478064779383
20,66,1955.3778781442122
20,34,3510.9103920252373
20,56,1365.7840473889444
20,57,992.2341916192877
20,39,2656.789417210506
20,19,2478.9144234309288
20,50,1708.3610830783493
20,21,2422.667362046207
20,67,2764.7605204949314
20,25,4360.71755448109
20,44,1780.011146475876
30,16,505.9139596116592
30,48,614.6273132089698
30,59,1332.774131892512
30,35,621.4662977866224
30,29,1310.639191601626
30,47,926.0293452672487
30,18,1101.5302190401233
30,25,3660.7445755848626
30,30,0.0
30,45,816.5853869280406
30,57,339.9337940469576
30,41,1042.666735590566
30,50,1019.4611483543055
30,58,1471.9231956995093
30,64,1939.962473080933
30,66,2538.6009284005067
30,19,2871.6223052124137
30,42,1165.5685015674035
30,65,1018.8620219281523
30,56,723.808713967291
30,46,804.3327837775796
30,43,1055.1325771838153
30,49,1450.9244532511636
30,44,1031.4675708148827
30,31,1758.7834027911592
30,67,2088.0490507271884
30,21,2584.9725709727236
30,34,2911.9865852077774
30,33,853.4913437188166
30,51,566.7048596783535
35,48,825.8866590397113
35,59,1048.1843535088572
35,18,696.9924655907978
35,29,696.9496005622071
35,33,470.5466241798841
35,35,0.0
35,43,606.0986828346348
35,51,308.937854729005
35,57,459.0353141973626
35,58,962.5549476302278
35,49,1887.8272577966939
35,16,469.9102942989834
35,56,713.8432103233264
35,24,2542.0132538806797
35,44,423.0650354086519
35,45,203.04493448825923
35,46,288.58928448539785
35,47,715.6318125346716
35,50,507.8266695164494
35,65,1012.953887707809
35,41,1206.2905540772601
35,66,2980.417353171557
35,34,2396.9570472486935
35,67,1522.519459517849
35,36,1515.2077074597223
35,31,1432.3653032662514
35,39,1862.51664156148
35,42,1658.2895979489974
35,25,3063.5447142754947
35,21,2726.825252940635
35,64,2120.482965969709
41,16,741.6952252513095
41,48,434.50760476650714
41,59,841.4800674284573
41,42,2054.179328530813
41,57,1307.5291273769878
41,18,968.7529736844177
41,44,1549.4220441842467
41,31,2631.285102487735
41,25,4039.2894757781282
41,41,0.0
41,58,1345.142637551184
41,56,500.202626596676
41,47,660.9080773295901
41,65,314.8760843404188
41,33,1659.6685965105328
41,43,1812.2163919106843
41,7,3114.5862030410076
41,45,1365.3725553742684
41,29,1755.160359954662
41,46,1090.285673079454
41,1,4515.739793463027
41,9,1858.981423129604
41,50,1710.128886352383
41,49,2376.947896983938
41,39,3067.250591185358
41,67,2631.9635366679663
47,48,532.9390862511052
47,59,406.85456847351776
47,57,1024.553552061125
47,16,421.26614038881974
47,29,1121.5077097115902
47,46,496.18862869066595
47,18,316.3168662267571
47,33,1182.4482711377602
47,34,2913.9316384397353
47,44,953.5279176680057
47,45,811.1727873553965
47,58,720.930564095227
47,65,368.2444692902109
47,56,274.6060653134008
47,47,0.0
47,67,1992.96486152297
47,49,2376.1912026789732
47,24,2918.5257922125206
47,42,2090.030753648203
47,31,2121.917592998282
47,43,1288.3660216461967
47,50,1164.922711493582
47,66,3464.5045493611474
47,39,2533.6775496853234
47,25,3378.41787703209
47,51,1000.1775556828123
47,36,2069.2529156783808
47,21,3399.8722184031735
48,16,360.6535722894285
48,44,1212.7757499437728
48,45,1007.938863399465
48,46,785.8003443546831
48,18,830.7324943176937
48,29,1451.8726118521029
48,48,0.0
48,56,259.02854844946876
48,33,1254.667842101305
48,43,1421.9281134418397
48,65,437.6880994618448
48,58,1244.1241660815722
48,59,890.3100767608421
48,25,3800.5620003168083
48,50,1333.122391922418
48,57,873.8514688418355
48,64,2554.2719673883325
48,51,988.4568044684312
48,66,3065.3858055689543
48,31,2224.261644003946
48,2,3587.9595105528015
48,67,2319.7921443267824
48,21,3199.587194953981
48,42,1693.7401625747063
48,55,3655.0441482935435
48,39,2666.6648476199057
48,49,2005.5613803281055
48,3,3786.8970371302303
48,24,3307.8230420118703
58,16,1014.3914331883392
58,65,1030.5267182729488
58,18,413.68241443963586
58,50,1132.0524288637314
58,43,1270.5763545616762
58,58,0.0
58,59,570.4773962211929
58,56,986.4972642952916
58,29,824.8060516252865
58,46,689.5237553226813
58,39,2345.974605632948
58,57,1414.7821076717673
58,44,857.3689794098102
58,33,1278.7631929293282
58,51,1256.1202279299064
58,66,3941.0640308336533
58,67,1552.027422450198
58,31,2012.3608960711254
58,45,888.7767596853427
58,42,2602.543692133739
58,34,2462.9252516952674
58,24,2339.1930751815785
58,49,2846.5248852317595
58,25,2747.56167832446
58,36,1717.6423021650398
16,16,0.0
16,18,616.9448626586645
16,34,2853.3381041781845
16,56,273.08710537175483
16,57,630.7190382686526
16,59,827.4168243262233
16,42,1671.2964587726508
16,45,647.4295363257448
16,46,443.1485353104245
16,49,1955.0592989444997
16,51,673.8664363336237
16,65,591.9312697937921
16,66,3044.369951996712
16,33,918.1146437108156
16,44,852.7632402382485
16,19,3354.21272741346
16,29,1097.2912708661322
16,43,1073.1478949433842
16,50,977.6146538080391
16,64,2377.0721542838774
16,21,3011.1714976471317
16,67,1960.9202295863279
16,31,1889.6148524512182
16,39,2326.152480311414
16,24,2956.2761207649946
16,25,3457.104109466555
16,36,1976.088880674584
18,59,383.1433446834183
18,56,573.8882423809955
18,29,889.166818664986
18,46,411.50378800863155
18,39,2373.838499824758
18,65,661.8820457758708
18,18,0.0
18,25,3074.743138086473
18,34,2661.5421207730287
18,51,1005.8566349409206
18,24,2627.2899264898388
18,33,1115.2089325249246
18,57,1106.770638375959
18,44,784.9959940495322
18,45,709.7086467186948
18,50,1037.483128100495
18,43,1173.2322489134185
18,36,1843.4702268105702
18,49,2521.7990777327122
18,42,2257.584155405524
18,31,1988.4920373088894
18,66,3617.666310341856
18,67,1736.9232514413138
34,39,1076.3795786381702
34,24,681.8127019759454
34,34,0.0
34,29,1793.2927881502933
34,57,2586.951488160269
34,25,1168.0642294122965
34,33,2059.3882863331423
34,36,884.7618548633743
34,21,3011.30870024584
34,31,1369.3390862692838
34,64,2824.761131509977
34,44,2003.1637342817867
34,50,1906.2007037081398
34,19,3821.499086554515
34,59,2995.480610744422
34,45,2206.617109499336
34,67,924.6380153232304
34,46,2455.4694489639787
34,49,3387.563074330917
34,43,1856.858184682205
56,57,898.847126348033
56,65,319.0706084111072
56,59,651.3700893511124
56,44,1050.00290375628
56,24,3104.3168312400694
56,51,944.2067019932155
56,21,3274.9296828181937
56,45,865.7054098602141
56,49,2167.3054032939312
56,50,1212.845902749735
56,39,2576.1372251171783
56,46,594.2999271586967
56,67,2140.2155251225745
56,43,1319.242814557152
56,33,1177.255187436014
56,56,0.0
56,19,3594.479984487528
56,29,1263.9802991247193
56,36,2182.979409618534
56,66,3245.317323941979
57,59,1412.2562848076182
57,29,1072.0893845204487
57,31,1419.3383992265926
57,45,607.7832349678218
57,51,260.41702594957763
57,43,734.7150533021987
57,36,1709.221193373557
57,57,0.0
57,49,1431.7834365912156
57,64,1750.3039152531862
57,21,2381.2717662685177
57,65,1216.6444077521917
57,33,529.6453255188405
57,39,1871.0645326620088
57,50,720.929359949615
57,24,2830.7238451303924
57,46,726.7607556712597
57,42,1199.6631291018896
57,67,1788.0707410888176
59,29,1254.1689801389484
59,46,776.2614365938076
59,59,0.0
59,33,1488.3709159687967
59,44,1167.7230653665451
59,45,1086.7832946773028
59,50,1420.0648029223805
59,21,3769.7944307704533
59,65,538.2633281165357
59,66,3871.3246227944983
59,25,3317.784483071759
59,43,1555.139612597809
59,39,2754.1533459952834
59,67,2073.3564325167595
59,31,2371.555582784574
59,36,2202.1307423702233
59,51,1352.083085413735
59,24,2906.037400462472
59,42,2496.844078160621
59,49,2782.4293197395627
59,19,4165.344792233041
42,44,1962.5129239147084
42,33,1573.6780841907012
42,51,1415.9248297670217
42,49,331.53787773293607
42,65,2130.372470771092
42,21,1803.2196696851813
42,64,1203.277351299993
42,66,1376.737513825131
42,46,1913.7920775299476
42,19,1829.2527043698992
42,67,2764.107617341077
42,42,0.0
42,29,2220.2289510453043
45,29,495.4729654577441
45,46,319.0594993677614
45,44,220.02010339626096
45,50,354.5360515212812
45,43,478.0997372533268
45,65,1143.5597516743046
45,51,387.67457037009785
45,36,1328.6851122236092
45,67,1323.3851248863139
45,33,407.3771398377875
45,24,2339.506518268503
45,45,0.0
45,31,1310.8818096665927
45,21,2738.5221136449486
45,25,2860.5251075962124
45,19,3226.664425961309
46,29,670.9874533233904
46,39,2037.5515422423093
46,50,670.0814122556255
46,65,842.7245457701105
46,43,796.9461935034108
46,44,463.6505892489794
46,36,1593.422719558778
46,49,2157.8002480071764
46,67,1546.2412513451793
46,33,712.6587495940418
46,46,0.0
46,51,596.972336097276
46,24,2522.2884172897025
46,25,3016.533615492729
46,31,1628.6215420361432
49,51,1619.019910491755
49,33,1731.9890573314228
49,49,0.0
49,19,1497.7433512900468
49,65,2439.779517516635
49,43,1883.6340213762496
49,66,1096.2220724370616
49,29,2391.3692941864733
49,31,2018.4408989102383
49,21,1512.0537751267623
49,54,549.6748724178232
51,43,488.5009147054433
51,44,550.2541529487928
51,36,1463.3937114728888
51,51,0.0
51,29,820.0277849148409
51,65,1259.619161566386
51,33,289.02694855834096
51,21,2419.244106851279
51,39,1686.084614255649
51,50,461.72184760729374
51,31,1239.2652630015925
65,29,1487.5309157933061
65,65,0.0
65,21,3588.4505660215664
65,33,1482.0898718321976
65,43,1611.7731065788719
65,44,1306.1739645295472
65,50,1497.1203172366847
65,39,2867.067778558026
65,31,2443.6402497858944
65,25,3736.5293530804124
65,61,4560.06752384252
65,19,3887.8206298723594
65,36,2431.068185238393
65,67,2360.6198961006858
65,66,3502.944412842647
65,54,2677.3937310271485
66,29,3446.886427895858
66,25,5288.453979122915
66,66,0.0
66,19,882.9290558365474
66,31,2862.712574796524
66,54,883.5108366664497
29,29,0.0
29,43,546.6936977895161
29,44,279.7368511027794
29,50,437.81899999461666
29,33,660.4996997552751
29,67,876.8627241454639
29,24,1859.6086763179178
29,31,1191.1295876273898
29,36,954.8607445848312
29,39,1524.1775187813532
29,19,3479.79126780983
29,25,2370.2031836238434
44,33,445.98859377733254
44,44,0.0
44,67,1109.1925020741826
44,43,413.8168874137987
44,31,1204.2710567189204
44,50,274.7884043633252
44,24,2120.1818473580497
44,25,2640.5376957266913
39,25,2217.591619912919
39,36,763.5658658114636
39,24,1670.540719088367
39,31,451.9201063998027
39,21,1965.4674152164512
39,39,0.0
39,33,1411.9977707651246
39,19,2757.821653396338
39,50,1370.6212340192535
39,64,1748.777672959261
39,43,1256.998021888425
43,43,0.0
43,64,1827.652770151704
43,33,205.30917500692033
43,25,2660.025987539638
43,31,833.8887616767598
43,19,2933.279715672575
43,50,139.50960394500993
43,36,975.6449996937512
43,67,1062.5679474390984
43,21,2366.1314005962513
33,25,2861.1283922842035
33,50,229.9608698218979
33,67,1265.5366749397565
33,64,1767.8155427155625
33,36,1179.838558504497
33,24,2309.051071551082
33,31,971.7450039976778
33,33,0.0
33,21,2338.934779793742
50,67,1070.024980645967
50,25,2655.6812922311155
50,31,958.9289549855865
50,50,0.0
50,6,2948.0267906613562
50,36,1021.4555668488197
50,24,2111.012680170441
25,24,573.051840272931
25,25,0.0
25,67,1599.2772282231554
25,31,2426.9052075184823
25,14,3448.77640386087
25,36,1763.2619617195596
25,21,4173.5213462691745
25,12,5261.358458804908
25,64,3947.6359939229255
67,67,0.0
67,36,296.9435462261371
67,24,1043.5249290310808
67,31,1000.4694075266822
67,21,2899.9101605640203
31,31,0.0
31,36,722.9575200140665
31,24,1856.7748157982548
31,21,1901.1279289819975
31,19,2626.936173557212
64,19,1114.3349597241854
64,64,0.0
64,36,2263.476943644227
64,24,3384.792541900568
64,21,648.4424129980537
36,36,0.0
36,24,1191.2889024924461
19,19,0.0
19,21,836.6477262632509
21,21,0.0
21,24,3635.026207113845
24,24,0.0
60,0,0
22,0,0
38,0,0
16,0,0
15,0,0
26,0,0
48,0,0
68,0,0
59,0,0
56,0,0
35,0,0
17,0,0
28,0,0
29,0,0
46,0,0
47,0,0
30,0,0
42,0,0
39,0,0
62,0,0
19,0,0
21,0,0
32,0,0
20,0,0
57,0,0
65,0,0
40,0,0
18,0,0
44,0,0
41,0,0
52,0,0
49,0,0
23,0,0
34,0,0
33,0,0
27,0,0
50,0,0
64,0,0
58,0,0
37,0,0
43,0,0
63,0,0
51,0,0
45,0,0
31,0,0
25,0,0
67,0,0
24,0,0
53,0,0
66,0,0
36,0,0
